state,district,assessment_year,annual_recharge_ham_total,annual_extractable_resource_ham_total,annual_extraction_ham_total,stage_of_extraction_pct_total,net_availability_future_use_ham_total,category_derived
ANDAMAN AND NICOBAR ISLANDS,N & M ANDAMAN,2024-2025,16528.260000000002,14875.42,346.11,2.326724220223698,14522.18,Safe
ANDAMAN AND NICOBAR ISLANDS,NICOBAR,2024-2025,11360.78,10224.69,92.6,0.9025207014739992,9819.28,Safe
ANDAMAN AND NICOBAR ISLANDS,SOUTH ANDAMAN,2024-2025,10797.72,9717.96,347.12,3.5719430827046006,9362.07,Safe
ARUNACHAL PRADESH,ANJAW,2024-2025,0.0,0.0,,,0.0,
ARUNACHAL PRADESH,CHANGLANG,2024-2025,30107.52,27096.75,247.62000000000003,0.9138365302111878,26806.36,Safe
ARUNACHAL PRADESH,DIBANG VALLEY,2024-2025,0.0,0.0,,,0.0,
ARUNACHAL PRADESH,EAST KAMENG,2024-2025,17565.95,15809.36,108.82,0.6883264091652034,15691.77,Safe
ARUNACHAL PRADESH,EAST SIANG,2024-2025,80011.64,71985.0,179.01999999999998,0.2486906994512745,71795.3,Safe
ARUNACHAL PRADESH,KURUNG KUMEY,2024-2025,0.0,0.0,,,0.0,
ARUNACHAL PRADESH,LOHIT,2024-2025,121672.0,109376.97,273.72,0.2502537782862334,109054.75,Safe
ARUNACHAL PRADESH,LOWER DIBANG VALLEY,2024-2025,79625.49,71662.94,248.13,0.3462459117641559,71412.15,Safe
ARUNACHAL PRADESH,LOWER SUBANSIRI,2024-2025,5009.6900000000005,4485.54,39.790000000000006,0.887072682441802,4425.59,Safe
ARUNACHAL PRADESH,PAPUM PARE,2024-2025,10823.98,9593.23,148.68,1.549842962172282,9361.85,Safe
ARUNACHAL PRADESH,TAWANG,2024-2025,0.0,0.0,,,0.0,
ARUNACHAL PRADESH,TIRAP,2024-2025,8668.97,7802.07,55.540000000000006,0.7118623647314112,7739.620000000001,Safe
ARUNACHAL PRADESH,UPPER SIANG,2024-2025,0.0,0.0,,,0.0,
ARUNACHAL PRADESH,UPPER SUBANSIRI,2024-2025,2699.78,2429.81,21.28,0.875788641910273,2405.06,Safe
ARUNACHAL PRADESH,WEST KAMENG,2024-2025,3352.26,3017.04,13.150000000000002,0.4358576618142286,3002.13,Safe
ARUNACHAL PRADESH,WEST SIANG,2024-2025,6199.6,5579.639999999999,8.01,0.1435576488805729,5571.4,Safe
ASSAM,BAKSA,2024-2025,137557.89,124570.51,4481.299999999999,3.597400379913352,119830.44,Safe
ASSAM,BARPETA,2024-2025,90152.41,84134.02,35413.310000000005,42.09154632097694,47562.71,Safe
ASSAM,BONGAIGAON,2024-2025,50673.880000000005,45184.03,16070.11,35.56590680379772,28651.17,Safe
ASSAM,CACHAR,2024-2025,55235.099999999984,45780.28,1435.96,3.1366343761986606,43963.29,Safe
ASSAM,CHIRANG,2024-2025,91412.41,82094.02,2425.61,2.95467319056857,79538.11,Safe
ASSAM,DARRANG,2024-2025,53985.69,49403.59,24662.95,49.92137211081219,24100.24,Safe
ASSAM,DHEMAJI,2024-2025,103935.72,90320.29,4321.6900000000005,4.784849561488344,85596.9,Safe
ASSAM,DHUBRI,2024-2025,99176.55,89765.61,27537.369999999995,30.676970835490337,60631.17,Safe
ASSAM,DIBRUGARH,2024-2025,132597.75,118196.86,4974.799999999999,4.208910456673721,112830.45,Safe
ASSAM,DIMA HASAO,2024-2025,62878.10999999999,56590.28999999999,283.52,0.5010046776575983,56266.02,Safe
ASSAM,GOALPARA,2024-2025,60922.47000000001,53393.2,17377.44,32.54616692762374,35253.44,Safe
ASSAM,GOLAGHAT,2024-2025,106034.24,99320.88999999998,5725.81,5.764960422726781,93281.85,Safe
ASSAM,HAILAKANDI,2024-2025,26388.319999999992,23098.97,546.03,2.3638716358348444,22397.17,Safe
ASSAM,JORHAT,2024-2025,76732.67000000001,64756.14,10261.89,15.846976055089138,54340.16,Safe
ASSAM,KAMRUP,2024-2025,87873.40999999997,78093.38,14958.56,19.154709400463908,62341.740000000005,Safe
ASSAM,KAMRUP (M),2024-2025,16819.92,15408.39,5230.509999999999,33.945856770240106,10098.61,Safe
ASSAM,KARBI ANGLONG,2024-2025,130546.01999999996,117755.33,2592.68,2.201751716886191,114718.69,Safe
ASSAM,KARIMGANJ,2024-2025,42275.76000000001,35753.18,1413.34,3.953046973723736,33944.57,Safe
ASSAM,KOKRAJHAR,2024-2025,160531.21999999997,145008.49999999997,9474.009999999998,6.533417006589269,135429.05,Safe
ASSAM,LAKHIMPUR,2024-2025,85149.82,73091.06,7808.34,10.683030181803357,64741.26,Safe
ASSAM,MORIGAON,2024-2025,42340.98,37438.5,7942.9,21.21586067817888,28746.28,Safe
ASSAM,NAGAON,2024-2025,129096.02999999996,113614.14,40318.45,35.48717615606648,72754.48,Safe
ASSAM,NALBARI,2024-2025,37595.89,33836.29,11498.11,33.98159195349136,22279.81,Safe
ASSAM,SIBSAGAR,2024-2025,97133.4,88201.34,5645.31,6.400480990424862,82357.79,Safe
ASSAM,SONITPUR,2024-2025,153172.06999999995,137144.56,14227.64,10.374192020449078,122125.74000000002,Safe
ASSAM,TINSUKIA,2024-2025,128858.23,114753.5,10796.49,9.4084189153272,103551.16,Safe
ASSAM,UDALGURI,2024-2025,53442.28999999999,47710.65,5717.07,11.98279629390922,41817.99,Safe
BIHAR,ARARIA,2024-2025,154530.66999999998,141181.71,30224.680000000004,21.408353815802347,106233.56,Safe
BIHAR,ARWAL,2024-2025,21129.94,19075.189999999995,10005.15,52.451115821126834,8441.79,Safe
BIHAR,AURANGABAD,2024-2025,131132.11,118753.71000000002,40859.05,34.40654611969596,74440.73000000001,Safe
BIHAR,BANKA,2024-2025,72398.8,65462.85999999999,28061.78,42.866718624881344,34994.369999999995,Safe
BIHAR,BEGUSARAI,2024-2025,56281.560000000005,50653.36,34275.280000000006,67.66635026778086,12668.25,Safe
BIHAR,BHAGALPUR,2024-2025,79788.7,72112.64,33763.57,46.820598996237,35785.11000000001,Safe
BIHAR,BHOJPUR,2024-2025,89435.37,80491.84000000001,40231.420000000006,49.98198575159917,37677.84,Safe
BIHAR,BUXAR,2024-2025,64652.30999999999,58367.22,27668.49,47.40415938946552,29366.649999999998,Safe
BIHAR,DARBHANGA,2024-2025,78109.77,70422.18000000001,41020.09,58.24882160705618,26070.919999999995,Safe
BIHAR,EAST CHAMPARAN,2024-2025,193736.6900000001,176663.16999999998,80394.84,45.50741391089043,87998.3,Safe
BIHAR,GAYA,2024-2025,134680.75000000003,121604.75,67603.76,55.59302576585207,50011.48,Safe
BIHAR,GOPALGANJ,2024-2025,105702.47999999998,95682.65,54790.420000000006,57.26264897554574,38755.91,Safe
BIHAR,JAMUI,2024-2025,49872.76,45012.35999999999,18771.27,41.702479052420266,27211.489999999994,Safe
BIHAR,JEHANABAD,2024-2025,34597.11,31147.61,25547.76,82.02157404693328,5609.31,Semi-Critical
BIHAR,KAIMUR,2024-2025,81825.16000000002,74653.62,32702.04,43.80502914661072,39976.130000000005,Safe
BIHAR,KATIHAR,2024-2025,119702.71000000002,109422.23999999998,46831.3,42.79870344456484,59289.990000000005,Safe
BIHAR,KHAGARIA,2024-2025,47985.62,44158.22,27775.78,62.90058793130701,13714.01,Safe
BIHAR,KISHANGANJ,2024-2025,67996.83,62664.79999999999,22055.2,35.195516462192494,37883.71,Safe
BIHAR,LAKHISARAI,2024-2025,43070.33,38763.27,12461.87,32.14865515731775,25110.06,Safe
BIHAR,MADHEPURA,2024-2025,108651.83,98038.44,36852.17999999999,37.58952100829021,57705.9,Safe
BIHAR,MADHUBANI,2024-2025,143570.03000000003,130736.79999999996,60164.21000000001,46.01933808996397,65670.82,Safe
BIHAR,MUNGER,2024-2025,41904.77,37833.57,13991.859999999995,36.98265852257664,22637.9,Safe
BIHAR,MUZAFFARPUR,2024-2025,123462.49,111162.45,72471.00999999998,65.19378621108115,34545.39,Safe
BIHAR,NALANDA,2024-2025,68770.20000000001,62276.36000000001,47126.47999999999,75.6731446731954,12894.89,Semi-Critical
BIHAR,NAWADA,2024-2025,73094.08,65961.42,32846.45,49.79645677731013,31604.47,Safe
BIHAR,PATNA,2024-2025,108716.22000000002,98029.81,59747.83000000001,60.94863389003814,34932.579999999994,Safe
BIHAR,PURNEA,2024-2025,169604.57,153922.23,58094.92000000001,37.74303425827446,91237.66,Safe
BIHAR,ROHTAS,2024-2025,126082.25999999998,114671.24,34661.96,30.22724791325183,77373.63,Safe
BIHAR,SAHARSA,2024-2025,68751.29000000001,63348.59,23573.200000000004,37.21187795971466,37463.0,Safe
BIHAR,SAMASTIPUR,2024-2025,88644.18999999997,79958.0,54648.73000000001,68.34679456714777,20532.470000000005,Safe
BIHAR,SARAN,2024-2025,111496.83000000002,100795.6,42468.58,42.133366932683565,54682.86,Safe
BIHAR,SHEIKHPURA,2024-2025,18704.17,16973.149999999998,9984.71,58.82649950068196,6556.2,Safe
BIHAR,SHEOHAR,2024-2025,18074.55,16443.37,9065.05,55.12890605757824,6464.08,Safe
BIHAR,SITAMARHI,2024-2025,70842.48,65866.83,30686.44,46.588609167922606,30415.18,Safe
BIHAR,SIWAN,2024-2025,106397.23,96578.65,52352.48,54.20709442511361,40822.37000000001,Safe
BIHAR,SUPAUL,2024-2025,111425.0,101447.59,33512.08,33.03388478720885,64659.09,Safe
BIHAR,VAISHALI,2024-2025,80439.66999999998,72896.53000000001,46397.41,63.64831083180502,25326.68,Safe
BIHAR,WEST CHAMPARAN,2024-2025,185349.09,168862.7,53263.530000000006,31.54250761121313,109710.93,Safe
CHANDIGARH,CHANDIGARH,2024-2025,5215.280000000001,4693.75,3206.89,68.32255659121171,489.25,Safe
CHHATTISGARH,BALOD,2024-2025,40537.46,36617.22,26589.29,72.61416896203482,10323.740000000002,Semi-Critical
CHHATTISGARH,BALODA BAZAR,2024-2025,68035.69,61336.95,26888.98,43.83814323992308,33939.61,Safe
CHHATTISGARH,BALRAMPUR,2024-2025,53542.15,48726.04,13956.839999999998,28.64349329434528,34679.1,Safe
CHHATTISGARH,BASTAR,2024-2025,27585.4,25516.45,9840.53,38.56543523883612,15607.74,Safe
CHHATTISGARH,BEMETARA,2024-2025,47559.83,42803.84,39515.41,92.31744161271511,4146.85,Critical
CHHATTISGARH,BIJAPUR,2024-2025,52298.87,47068.97,5230.5,11.1124165240922,41815.87,Safe
CHHATTISGARH,BILASPUR,2024-2025,51574.25,46974.97,29083.28,61.91229073696055,19486.08,Safe
CHHATTISGARH,DANTEWADA,2024-2025,26944.67,25120.76,4818.25,19.180351231411787,20271.54,Safe
CHHATTISGARH,DHAMTARI,2024-2025,69236.85,62313.170000000006,46081.57,73.95157396101017,16191.02,Semi-Critical
CHHATTISGARH,DURG,2024-2025,43228.39,38905.55,29555.78,75.9680302681751,10623.26,Semi-Critical
CHHATTISGARH,GARIABAND,2024-2025,37123.77,33978.58,21375.89,62.90989794158555,12486.16,Safe
CHHATTISGARH,GOURELA-PENDRA-MARWAHI,2024-2025,14051.759999999998,12812.38,5273.85,41.16214161615563,7392.629999999999,Safe
CHHATTISGARH,JANJGIR-CHAMPA,2024-2025,48623.17,44100.76,11336.82,25.70663181314789,32619.899999999998,Safe
CHHATTISGARH,JASHPUR,2024-2025,36683.380000000005,33849.37,17729.27,52.37695708960018,16071.75,Safe
CHHATTISGARH,KABIRDHAM,2024-2025,73122.15,65847.08,39130.77,59.426735399656295,27487.660000000003,Safe
CHHATTISGARH,KANKER,2024-2025,71204.29,66203.36,26062.08,39.36670283804327,40078.22,Safe
CHHATTISGARH,KHAIRAGARH-CHHUIKHADAN_GANDAI,2024-2025,19737.49,17975.629999999997,11374.54,63.27755967384733,6545.42,Safe
CHHATTISGARH,KONDAGAON,2024-2025,38999.44,36028.57,16288.94,45.21117546436064,19911.5,Safe
CHHATTISGARH,KORBA,2024-2025,49902.82,46997.09,16768.39,35.67963463269747,30060.19,Safe
CHHATTISGARH,KOREA,2024-2025,15215.740000000002,14202.74,7016.530000000001,49.40265047448592,7172.839999999999,Safe
CHHATTISGARH,MAHASAMUND,2024-2025,102935.55,94105.68,56889.0,60.45224900346079,37103.37,Safe
CHHATTISGARH,MANENDRAGARH-CHIRMIRI_BHARATPUR,2024-2025,49937.9,47265.99999999999,9903.02,20.951677738755134,37340.24,Safe
CHHATTISGARH,MOHLA-MANPUR_AMBAGARHCHOWKI,2024-2025,16827.100000000002,15144.39,5816.76,38.40867806494683,9311.580000000002,Safe
CHHATTISGARH,MUNGELI,2024-2025,26845.57,24514.69,11319.44,46.17411029876373,12929.29,Safe
CHHATTISGARH,NARAYANPUR,2024-2025,28045.96,25241.36,2621.34,10.385098108818228,22520.44,Safe
CHHATTISGARH,RAIGARH,2024-2025,42629.55,39100.27,17126.22,43.80077170822606,21864.89,Safe
CHHATTISGARH,RAIPUR,2024-2025,50838.52,46265.25,27771.02,60.02565640518532,19082.98,Safe
CHHATTISGARH,RAJNANDGAON,2024-2025,39358.73,36228.52,24405.79,67.36623522020771,11216.87,Safe
CHHATTISGARH,SAKTI,2024-2025,32962.5,29666.26,14302.03,48.2097507404034,15254.45,Safe
CHHATTISGARH,SARANGARH-BILAIRAGH,2024-2025,24702.91,22549.72,8965.1,39.75703467714899,13443.9,Safe
CHHATTISGARH,SUKMA,2024-2025,45924.83,41767.19,2385.02,5.710271627083364,39371.84,Safe
CHHATTISGARH,SURAJPUR,2024-2025,40857.58,38028.39,24469.620000000003,64.3456638579756,13482.53,Safe
CHHATTISGARH,SURGUJA,2024-2025,43185.86,39608.75,19795.49,49.97756808785937,19756.55,Safe
DADRA AND NAGAR HAVELI,DADRA NAGAR HAVELI,2024-2025,35657.3,32349.3,3178.65,9.826024056161955,27255.460000000003,Safe
DAMAN AND DIU,DAMAN,2024-2025,2296.29,2181.48,722.1,33.101380714010666,1459.38,Safe
DAMAN AND DIU,DIU,2024-2025,214.72,193.25,64.9,33.58344113842174,128.35,Safe
DELHI,CENTRAL,2024-2025,2566.99,2310.29,1747.05,75.62037666267005,563.24,Semi-Critical
DELHI,EAST,2024-2025,1668.32,1501.4900000000002,1447.79,96.42355260441292,72.21,Critical
DELHI,NAZUL LAND,2024-2025,571.4200000000001,514.28,337.92,65.70739674885277,176.36,Safe
DELHI,NEW DELHI,2024-2025,3028.98,2726.07,3359.65,123.24151617529996,8.57,Over-Exploited
DELHI,NORTH,2024-2025,4724.52,4252.06,3789.81,89.1287987469603,462.25,Semi-Critical
DELHI,NORTH EAST,2024-2025,1813.6,1632.23,1730.39,106.01385834104262,50.42,Over-Exploited
DELHI,NORTH WEST,2024-2025,3873.46,3486.13,2259.86,64.82431808337611,1226.26,Safe
DELHI,SHAHDARA,2024-2025,1650.6,1485.55,1666.96,112.21163878698124,13.3,Over-Exploited
DELHI,SOUTH,2024-2025,4527.25,4074.53,4213.53,103.41143641107072,138.13,Over-Exploited
DELHI,SOUTH EAST,2024-2025,2664.13,2397.71,2115.95,88.2487873846295,224.84,Semi-Critical
DELHI,SOUTH WEST,2024-2025,7379.789999999999,6641.81,5888.199999999999,88.65354474156891,137.68,Semi-Critical
DELHI,WEST,2024-2025,3835.35,3535.0,3271.12,92.53521923620931,359.51,Critical
GOA,GOA NORTH,2024-2025,16495.44,13196.35,3604.86,27.317099046327204,9253.65,Safe
GOA,SOUTH GOA,2024-2025,21631.23,17304.99,3500.48,20.228153844642492,13397.21,Safe
GUJARAT,AHMEDABAD,2024-2025,570275.12,514367.92,79606.26,82.75939425806928,16338.36,Semi-Critical
GUJARAT,AMRELI,2024-2025,154118.93000000002,146412.97,84301.82999999999,57.30845601081951,61636.38,Safe
GUJARAT,ANAND,2024-2025,136184.07,126312.95,37397.09,29.439854274670445,77621.12000000001,Safe
GUJARAT,ARVALLI,2024-2025,90977.95,86429.06,38021.78,43.99189346731296,47968.29,Safe
GUJARAT,BANASKANTHA,2024-2025,195470.89,175923.79999999996,189997.09000000003,121.47205702211244,11586.86,Over-Exploited
GUJARAT,BHARUCH,2024-2025,96450.9,88194.93,21527.05,27.25361506386485,45938.53,Safe
GUJARAT,BHAVNAGAR,2024-2025,126363.84,120025.94000000002,53604.8,44.89383524642713,57876.9,Safe
GUJARAT,BOTAD,2024-2025,52266.34,49651.2,28663.26,57.26536400538254,18199.17,Safe
GUJARAT,CHHOTA UDEPUR,2024-2025,63315.42999999999,56983.89,25844.31,45.35371312839472,30742.27,Safe
GUJARAT,DAHOD,2024-2025,37440.75,34036.87,13864.44,40.73359271871944,19142.97,Safe
GUJARAT,DANG,2024-2025,34657.05,31191.34,3955.85,12.682526624377152,27092.24,Safe
GUJARAT,DEVBHUMI DWARKA,2024-2025,51178.51,48619.58,33714.17,70.32298541289602,12674.36,Semi-Critical
GUJARAT,GANDHINAGAR,2024-2025,65081.58,59394.25,64309.15,111.27860127991984,9669.31,Over-Exploited
GUJARAT,GIR SOMNATH,2024-2025,81003.74,74587.48,35965.58,49.047548055762704,35377.6,Safe
GUJARAT,JAMNAGAR,2024-2025,143069.45,135906.12,61427.66,43.62124090018168,73256.38,Safe
GUJARAT,JUNAGADH,2024-2025,169228.55000000002,160761.74,77221.39,47.41471697827952,78655.12,Safe
GUJARAT,KACHCHH,2024-2025,212605.62,192955.99,118478.3,51.79012912738642,43127.67,Safe
GUJARAT,KHEDA,2024-2025,97586.54,89296.48000000001,40428.62,41.40474286605678,46046.93000000001,Safe
GUJARAT,MAHESANA,2024-2025,288609.29,260170.41000000003,114391.28,108.74353963141854,6308.820000000001,Over-Exploited
GUJARAT,MAHISAGAR,2024-2025,34133.22,30719.91,15524.4,50.53530430264932,15006.04,Safe
GUJARAT,MORBI,2024-2025,88110.98999999999,82049.88,41460.76,51.74786269803594,32254.46,Safe
GUJARAT,NARMADA,2024-2025,41651.91,38657.36,25842.19,66.84933994457975,12713.52,Safe
GUJARAT,NAVSARI,2024-2025,83393.20999999999,77262.45,23997.31,31.098540420776725,52907.10999999999,Safe
GUJARAT,PANCHMAHAL,2024-2025,58191.96000000001,54298.10999999999,14686.570000000002,27.048031690237472,39252.420000000006,Safe
GUJARAT,PATAN,2024-2025,114556.21,103803.44,71118.29000000001,118.5736304752607,11.7,Over-Exploited
GUJARAT,PORBANDAR,2024-2025,38392.27,35640.86,20799.24,56.53607205271529,9264.21,Safe
GUJARAT,RAJKOT,2024-2025,177921.58000000002,169025.48,113042.88,65.88786495385193,56981.25000000001,Safe
GUJARAT,RANA AND KUTCH,2024-2025,0.0,0.0,,,0.0,
GUJARAT,SABARKANTHA,2024-2025,85146.19000000002,76631.54,57717.98,75.3188308625926,20373.0,Semi-Critical
GUJARAT,SURAT,2024-2025,156015.91999999998,143734.66999999998,59091.48,42.10640173235491,78135.46,Safe
GUJARAT,SURENDRANAGAR,2024-2025,236416.56,217434.33,64507.060000000005,51.75694812130208,36251.96,Safe
GUJARAT,TAPI,2024-2025,77214.78,71235.26999999999,26421.49,37.09046094722461,44350.20999999999,Safe
GUJARAT,VADODARA,2024-2025,128111.91,120044.88,67426.32,66.52798595287967,33976.38999999999,Safe
GUJARAT,VALSAD,2024-2025,77119.09,69407.17,21717.54,31.294583982735887,46464.66,Safe
HARYANA,AMBALA,2024-2025,43047.91,38743.100000000006,50427.47,130.15858307672846,729.73,Over-Exploited
HARYANA,BHIWANI,2024-2025,43427.69,39084.92,57563.43,110.89706720648272,7146.400000000001,Over-Exploited
HARYANA,CHARKHI DADRI,2024-2025,19140.19,17419.14,26183.41,139.58944012161334,3851.36,Over-Exploited
HARYANA,FARIDABAD,2024-2025,14952.38,13642.38,24923.78,175.37541103531788,431.67,Over-Exploited
HARYANA,FATEHABAD,2024-2025,65804.25,59223.82,105358.68,177.8991628706152,953.75,Over-Exploited
HARYANA,GURGAON,2024-2025,25101.590000000004,22591.43,43961.990000000005,194.5958710891697,0.0,Over-Exploited
HARYANA,HISAR,2024-2025,71752.13999999998,66085.70999999999,51669.35,72.71178595191003,24896.640000000003,Semi-Critical
HARYANA,JHAJJAR,2024-2025,49763.68,45688.38,23363.15,49.599372969669744,23027.23,Safe
HARYANA,JIND,2024-2025,75827.05,68244.35,90133.8,116.25009249849988,3754.35,Over-Exploited
HARYANA,KAITHAL,2024-2025,46490.41,41841.37,82409.09,196.95600311366476,0.0,Over-Exploited
HARYANA,KARNAL,2024-2025,117707.19,105936.46,183836.83,173.5349944674383,0.0,Over-Exploited
HARYANA,KURUKSHETRA,2024-2025,41823.66,37850.67,85366.76,225.5356642299859,0.0,Over-Exploited
HARYANA,MAHENDRAGARH,2024-2025,22007.119999999995,19806.38,31067.04,156.85370067624677,0.0,Over-Exploited
HARYANA,MEWAT,2024-2025,19276.64,17417.06,16309.79,72.31318029564117,5453.970000000001,Semi-Critical
HARYANA,PALWAL,2024-2025,44225.600000000006,40387.350000000006,37151.91,91.98897674643176,7188.23,Critical
HARYANA,PANCHKULA,2024-2025,14581.690000000002,13446.0,8344.67,62.060612821657,5101.33,Safe
HARYANA,PANIPAT,2024-2025,52622.49,47360.25,104773.62,217.83774367745104,0.0,Over-Exploited
HARYANA,REWARI,2024-2025,28813.1,26482.73,35377.899999999994,133.17169340169988,147.02,Over-Exploited
HARYANA,ROHTAK,2024-2025,36558.95,32903.05,22623.47,48.79447346066702,16848.18,Safe
HARYANA,SIRSA,2024-2025,66585.31,60874.51,151277.91999999998,159.72007002602567,3039.55,Over-Exploited
HARYANA,SONIPAT,2024-2025,69092.53,62183.27,69371.43,108.73009733968637,5917.950000000001,Over-Exploited
HARYANA,YAMUNA NAGAR,2024-2025,58778.3,52900.48000000001,70456.9,133.1876383730355,2761.0600000000004,Over-Exploited
HIMACHAL PRADESH,BALH VALLEY,2024-2025,2722.7000000000003,2450.4300000000003,1143.21,46.65344449749635,1307.22,Safe
HIMACHAL PRADESH,CHAUNTRA VALLEY,2024-2025,5225.72,4703.139999999999,133.76,2.844057374434952,4569.38,Safe
HIMACHAL PRADESH,DHARAMSHALA PALAMPUR VALLEY,2024-2025,13693.73,12324.36,3280.7200000000003,26.61980013566628,9043.64,Safe
HIMACHAL PRADESH,HUM VALLEY,2024-2025,743.5400000000001,669.1800000000001,412.53,61.64709046893212,256.65,Safe
HIMACHAL PRADESH,KALA AMB VALLEY,2024-2025,1928.3,1831.89,662.54,36.167018762043575,1169.35,Safe
HIMACHAL PRADESH,NALAGARH VALLEY,2024-2025,16132.4,14519.16,9935.22,68.42833882951908,4583.94,Safe
HIMACHAL PRADESH,NURPUR & INDAURA vALLEY,2024-2025,41899.25,37709.33,9141.81,24.242833272296277,28567.52,Safe
HIMACHAL PRADESH,POANTA VALLEY,2024-2025,8658.53,7792.68,1816.06,23.30469106905455,5976.62,Safe
HIMACHAL PRADESH,UNA VALLEY BEAS CATCHMENT,2024-2025,1065.52,958.97,283.97,29.611979519693005,675.0,Safe
HIMACHAL PRADESH,UNA VALLEY SUTLEJ CATCHMENT,2024-2025,19759.88,17783.89,11981.14,67.37074959415516,5802.75,Safe
JAMMU AND KASHMIR,Anantnag,2024-2025,11095.36,9985.78,2366.96,23.703306101276013,7618.82,Safe
JAMMU AND KASHMIR,Bandipora,2024-2025,4743.370000000001,4272.110000000001,673.1400000000001,15.756616753782088,3598.98,Safe
JAMMU AND KASHMIR,Baramulla,2024-2025,10927.68,9834.88,2215.84,22.53042233357194,7619.040000000001,Safe
JAMMU AND KASHMIR,Barmulla,2024-2025,0.0,0.0,,,0.0,
JAMMU AND KASHMIR,Budgam,2024-2025,5269.08,4742.160000000001,1324.54,27.931153735850323,3417.620000000001,Safe
JAMMU AND KASHMIR,Doda,2024-2025,1039.93,935.94,192.52,20.5696946385452,743.43,Safe
JAMMU AND KASHMIR,Ganderbal,2024-2025,1078.69,970.8200000000002,446.15,45.9559959621763,524.67,Safe
JAMMU AND KASHMIR,Jammu,2024-2025,45675.68,41150.83,13639.44,33.14499367327464,27511.4,Safe
JAMMU AND KASHMIR,Kathua,2024-2025,34021.899999999994,30704.77,7345.65,23.92348159585628,23359.119999999995,Safe
JAMMU AND KASHMIR,Kishtwar,2024-2025,1320.95,1188.86,186.34,15.673838803559711,1002.52,Safe
JAMMU AND KASHMIR,Kulgam,2024-2025,6791.329999999999,6112.200000000001,1254.75,20.52861490134485,4857.45,Safe
JAMMU AND KASHMIR,Kupwara,2024-2025,0.0,0.0,,,0.0,
JAMMU AND KASHMIR,Kupwarar,2024-2025,6207.2,5586.49,1199.43,21.470189689769427,4387.06,Safe
JAMMU AND KASHMIR,Mirpur,2024-2025,0.0,0.0,,,0.0,
JAMMU AND KASHMIR,Muzaffarabad,2024-2025,0.0,0.0,,,0.0,
JAMMU AND KASHMIR,Poonch,2024-2025,5136.51,4622.860000000001,782.4,16.924587809278236,3840.46,Safe
JAMMU AND KASHMIR,Pulwama,2024-2025,5789.82,5210.82,1988.9,38.16865675651817,3221.9200000000005,Safe
JAMMU AND KASHMIR,Rajouri,2024-2025,17791.71,16012.549999999996,2021.42,12.62397307112234,13991.13,Safe
JAMMU AND KASHMIR,Ramban,2024-2025,739.87,665.8799999999999,211.91,31.824052381810542,453.97,Safe
JAMMU AND KASHMIR,Reasi,2024-2025,24280.300000000003,21852.28,2403.63,10.999447197271865,19448.65,Safe
JAMMU AND KASHMIR,Samba,2024-2025,17195.010000000006,15582.24,2727.03,17.50088562363306,12855.22,Safe
JAMMU AND KASHMIR,Shopian,2024-2025,5275.75,4748.18,1026.36,21.615861235252247,3721.82,Safe
JAMMU AND KASHMIR,Srinagar,2024-2025,13653.51,12288.16,6947.93,56.54166286897306,5340.23,Safe
JAMMU AND KASHMIR,Srinagar Hilly Area,2024-2025,0.0,0.0,,,0.0,
JAMMU AND KASHMIR,Udhampur,2024-2025,12207.07,10986.36,2356.2200000000003,21.446775820198862,8630.150000000001,Safe
JHARKHAND,BOKARO,2024-2025,20520.19,18726.86,9190.74,49.07784860889653,10100.18,Safe
JHARKHAND,CHATRA,2024-2025,25493.71,23461.97,9739.32,41.51109220581222,13708.38,Safe
JHARKHAND,DEOGHAR,2024-2025,16960.590000000004,15910.72,8626.07,54.215459765491445,7263.639999999999,Safe
JHARKHAND,DHANBAD,2024-2025,28048.779999999995,26371.51,19681.13,74.63027335181033,6850.1900000000005,Semi-Critical
JHARKHAND,DUMKA,2024-2025,29902.74,26912.47,6423.17,23.866891444746617,20471.19,Safe
JHARKHAND,EAST SINGHBHUM,2024-2025,28642.330000000005,25778.08,7783.559999999999,30.194490823211037,18716.230000000003,Safe
JHARKHAND,GARHWA,2024-2025,27467.460000000003,24720.72,9912.65,40.098548909578696,14790.830000000002,Safe
JHARKHAND,GIRIDIH,2024-2025,38361.77,34525.55,15261.61,44.20381427667336,19230.25,Safe
JHARKHAND,GODDA,2024-2025,22860.85,20574.76,4756.77,23.11944343457712,15800.05,Safe
JHARKHAND,GUMLA,2024-2025,35584.70999999999,32026.22,5764.02,17.997815539892002,26248.82,Safe
JHARKHAND,HAZARIBAGH,2024-2025,35939.87000000001,32345.860000000004,11887.15,36.75014360415831,20434.38,Safe
JHARKHAND,JAMTARA,2024-2025,10267.58,9240.81,3891.87,42.11611319786903,5338.030000000001,Safe
JHARKHAND,KHUNTI,2024-2025,14577.070000000002,13119.37,3471.44,26.460416925507857,9640.59,Safe
JHARKHAND,KODERMA,2024-2025,7328.059999999999,6595.24,4114.299999999999,62.38287006992921,2470.7900000000004,Safe
JHARKHAND,LATEHAR,2024-2025,24630.24,22167.2,6677.76,30.12450828250749,15479.45,Safe
JHARKHAND,LOHARDAGA,2024-2025,17640.480000000003,15876.41,2783.09,17.529718620267428,13086.9,Safe
JHARKHAND,PAKUR,2024-2025,27110.27,24399.26,3603.45,14.768685607678265,20784.45,Safe
JHARKHAND,PALAMAU,2024-2025,33270.8,29943.680000000004,11267.049999999996,37.62747264197318,18649.68,Safe
JHARKHAND,RAMGARH,2024-2025,12775.5,11497.95,6567.88,57.12218264995064,4980.879999999999,Safe
JHARKHAND,RANCHI,2024-2025,39505.26,35554.740000000005,16522.98,46.4719472002889,19149.99,Safe
JHARKHAND,SAHEBGANJ,2024-2025,30432.74,27389.47,4611.11,16.835338544338388,22762.29,Safe
JHARKHAND,SARAIKELA KHARSAWAN,2024-2025,18154.24,16338.81,3860.36,23.626934886934848,12463.2,Safe
JHARKHAND,SIMDEGA,2024-2025,27983.419999999995,25185.070000000003,3240.7200000000003,12.867623556337143,21936.14,Safe
JHARKHAND,WEST SINGHBHUM,2024-2025,48790.01,43911.02,5133.5,11.690687212458284,38756.54000000001,Safe
KERALA,ALAPPUZHA,2024-2025,38971.95,35712.59000000001,13283.159999999998,37.19461400027272,22330.61,Safe
KERALA,ERNAKULAM,2024-2025,41123.2,37094.21,17643.89,47.56507821571076,18834.880000000005,Safe
KERALA,IDUKKI,2024-2025,22784.44,20506.0,10137.66,49.43753047888423,10368.34,Safe
KERALA,KANNUR,2024-2025,39521.22,35569.11,15992.95,44.96303112447851,19169.59,Safe
KERALA,KASARGOD,2024-2025,34104.92,30694.42,20823.24,67.84047393630503,9512.67,Safe
KERALA,KOLLAM,2024-2025,32320.930000000004,29175.76,13507.32,46.296377540807846,15479.719999999998,Safe
KERALA,KOTTAYAM,2024-2025,40052.51,36415.1,11733.42,32.22130379979734,24536.18,Safe
KERALA,KOZHIKKODE,2024-2025,32380.69,29234.83,17122.9,58.57020547066634,11053.809999999998,Safe
KERALA,MALAPPURAM,2024-2025,43355.91,39149.78,26773.46,68.38725530513837,9540.69,Safe
KERALA,PALAKKAD,2024-2025,55520.39,50330.1,28363.42,56.35478570477706,21186.44,Safe
KERALA,PATHANAMTHITTA,2024-2025,21910.29,19719.25,6149.82,31.186885910975317,13569.43,Safe
KERALA,THIRUVANANTHAPURAM,2024-2025,26558.89,24449.15,15356.930000000002,62.8117132906461,8580.68,Safe
KERALA,THRISSUR,2024-2025,60874.46000000001,55228.53999999999,30830.810000000005,55.824054012653626,23870.88,Safe
KERALA,WAYANAD,2024-2025,23631.160000000003,21268.04,4532.56,21.31160182132439,16582.510000000002,Safe
LADAKH,KARGIL,2024-2025,1560.85,1404.78,479.72,34.14911943507168,925.06,Safe
LADAKH,LEH,2024-2025,5181.039999999999,4662.92,1397.16,29.96319902550333,3265.76,Safe
LAKSHDWEEP,AMINI,2024-2025,247.78000000000003,127.5,65.47,51.34901960784314,52.42,Safe
LAKSHDWEEP,ANDROTH,2024-2025,311.88,161.91,86.68,53.535915014514245,62.51,Safe
LAKSHDWEEP,KAVARATTI,2024-2025,269.72,136.17000000000002,101.66,74.65667915106117,19.57,Semi-Critical
LAKSHDWEEP,KILTAN,2024-2025,114.46000000000002,58.220000000000006,25.51,43.8165578838887,28.97,Safe
LAKSHDWEEP,MINICOY,2024-2025,199.43,99.09,57.53,58.0583308103744,33.11,Safe
MANIPUR,BISHNUPUR,2024-2025,9682.52,8714.259999999998,595.89,6.838102145219446,8091.219999999999,Safe
MANIPUR,CHANDEL,2024-2025,0.0,0.0,,,0.0,
MANIPUR,CHURACHANPUR,2024-2025,6643.47,5979.12,463.25,7.747795662237921,5514.74,Safe
MANIPUR,IMPHAL EAST,2024-2025,12687.61,11418.85,1061.7600000000002,9.29830937441161,10354.32,Safe
MANIPUR,IMPHAL WEST,2024-2025,8745.210000000001,7870.7,830.08,10.546457113090325,7037.41,Safe
MANIPUR,SENAPATI,2024-2025,0.0,0.0,,,0.0,
MANIPUR,TAMENGLONG,2024-2025,0.0,0.0,,,0.0,
MANIPUR,THOUBAL,2024-2025,6414.81,5773.32,664.67,11.51278640366375,5106.049999999999,Safe
MANIPUR,UKHRUL,2024-2025,0.0,0.0,,,0.0,
MEGHALAYA,EAST GARO HILLS,2024-2025,8492.75,7643.46,346.1,4.528054048820822,7155.46,Safe
MEGHALAYA,EAST JAINTIA HILLS,2024-2025,16795.91,15116.31,233.74,1.5462768360797048,14783.34,Safe
MEGHALAYA,EAST KHASI HILLS,2024-2025,21817.41,19635.67,698.2,3.5557737525635744,18721.36,Safe
MEGHALAYA,NORTH GARO HILLS,2024-2025,8729.720000000001,7743.679999999999,498.71,6.44021963717509,7089.68,Safe
MEGHALAYA,RI BHOI,2024-2025,6483.7,5835.34,354.81000000000006,6.080365497126132,5315.44,Safe
MEGHALAYA,SOUTH GARO HILLS,2024-2025,23473.66,21126.28,256.98,1.2163996690378052,20769.33,Safe
MEGHALAYA,SOUTH WEST GARO HILLS,2024-2025,4674.950000000001,3875.98,766.44,19.774095841567814,3075.26,Safe
MEGHALAYA,SOUTH WEST KHASI HILLS,2024-2025,14333.11,12899.8,138.03,1.070016589404487,12703.33,Safe
MEGHALAYA,WEST GARO HILLS,2024-2025,21959.480000000003,19046.95,3673.900000000001,19.288652513919555,14962.77,Safe
MEGHALAYA,WEST JAINTIA HILLS,2024-2025,11163.47,10047.12,611.3,6.084330634052345,9090.66,Safe
MEGHALAYA,WEST KHASI HILLS,2024-2025,33965.4,30568.85,463.41,1.5159549672297126,29894.79,Safe
MIZORAM,AIZAWL,2024-2025,1523.15,1370.81,200.55,14.630036255936274,1160.59,Safe
MIZORAM,CHAMPHAI,2024-2025,1581.83,1423.6400000000003,44.58,3.131409626029052,1377.9299999999998,Safe
MIZORAM,KOLASIB,2024-2025,2776.48,2498.83,31.63,1.2657923908389126,2465.4700000000003,Safe
MIZORAM,LAWNGTLAI,2024-2025,3377.38,3039.6400000000003,104.27,3.430340435051519,2926.27,Safe
MIZORAM,LUNGLEI,2024-2025,4941.16,4447.04,191.48,4.305785421313953,4252.31,Safe
MIZORAM,MAMIT,2024-2025,5176.35,4658.72,102.76,2.205756087509015,4545.83,Safe
MIZORAM,SAIHA,2024-2025,772.73,695.46,40.440000000000005,5.814856354067811,653.62,Safe
MIZORAM,SERCHHIP,2024-2025,911.64,820.47,48.24,5.879556839372555,770.64,Safe
NAGALAND,Dimapur,2024-2025,22709.24,20998.07,1409.31,6.711616829546715,19333.63,Safe
NAGALAND,Kiphire,2024-2025,580.1700000000001,522.15,9.16,1.7542851670975774,512.99,Safe
NAGALAND,Kohima,2024-2025,3081.4400000000005,2773.3,216.16,7.7943244510150365,2494.4700000000003,Safe
NAGALAND,Longleng,2024-2025,1544.21,1389.8,6.56,0.4720103612030508,1381.23,Safe
NAGALAND,Mokokchung,2024-2025,6244.81,5620.299999999999,95.41,1.697596213725246,5524.89,Safe
NAGALAND,Mon,2024-2025,4430.389999999999,3987.36,146.64,3.677621283255086,3840.72,Safe
NAGALAND,Peren,2024-2025,4503.54,4053.17,171.37,4.228048663145144,3877.27,Safe
NAGALAND,Phek,2024-2025,1181.42,1063.27,37.68000000000001,3.5437847395299413,1020.98,Safe
NAGALAND,Tuensang,2024-2025,1453.61,1308.25,46.74,3.572711637683929,1258.41,Safe
NAGALAND,Wokha,2024-2025,7633.83,6870.44,178.15,2.592992588538725,6685.9,Safe
NAGALAND,Zunheboto,2024-2025,1896.07,1706.4499999999998,58.96,3.4551261390606234,1647.4899999999998,Safe
PUDUCHERRY,KARAIKAL,2024-2025,4424.01,3981.6,1493.24,37.50351617440226,2280.67,Safe
PUDUCHERRY,PUDUCHERRY,2024-2025,14671.750000000002,13458.02,11758.13,87.36894431721754,1158.92,Semi-Critical
PUNJAB,Amritsar,2024-2025,139004.59999999998,124711.65,199943.98,160.3250217601964,0.0,Over-Exploited
PUNJAB,Barnala,2024-2025,54325.57,48893.01,107249.28,219.35503664020683,0.0,Over-Exploited
PUNJAB,Bathinda,2024-2025,151267.13,136140.41,168370.86999999997,128.0380590294141,15825.45,Over-Exploited
PUNJAB,Faridkot,2024-2025,79836.1,73807.64,79675.04,119.21539593761932,1157.49,Over-Exploited
PUNJAB,Fatehgarh Sahib,2024-2025,39729.98999999999,35756.99,65125.37,182.13325562358577,0.0,Over-Exploited
PUNJAB,Fazilka,2024-2025,127334.95,114601.43,73924.14,65.18104940529528,28856.59,Safe
PUNJAB,Firozpur,2024-2025,164611.29,149516.88,157398.44,108.86107693567592,12315.8,Over-Exploited
PUNJAB,Gurdaspur,2024-2025,154067.08000000005,136765.78999999998,165672.55,121.13595804915836,5056.75,Over-Exploited
PUNJAB,Hoshiarpur,2024-2025,90479.81,80412.83000000002,100362.62,124.80921265922362,8480.95,Over-Exploited
PUNJAB,Jalandhar,2024-2025,95776.83999999998,86196.69,242359.13,281.16988018913486,0.0,Over-Exploited
PUNJAB,Kapurthala,2024-2025,62665.8,56633.74,137596.22999999998,242.95804938893312,0.0,Over-Exploited
PUNJAB,Ludhiana,2024-2025,136489.67,123365.4,240136.75,194.6548627086687,0.0,Over-Exploited
PUNJAB,Malerkotla,2024-2025,21593.08,19433.77,58676.84,301.93235795216265,0.0,Over-Exploited
PUNJAB,Mansa,2024-2025,120780.75,108702.66999999998,112472.93,108.7093550094554,6849.35,Over-Exploited
PUNJAB,Moga,2024-2025,78037.91999999998,70205.35999999999,163329.58999999997,233.08537713459964,0.0,Over-Exploited
PUNJAB,Muktsar,2024-2025,166703.07,151033.06,70633.77,27.8127244475461,69490.46,Safe
PUNJAB,Pathankot,2024-2025,48104.67999999999,43294.2,17773.519999999997,41.05288930156925,25427.83,Safe
PUNJAB,Patiala,2024-2025,101074.44999999998,91440.82,189026.55,208.5333887873336,0.0,Over-Exploited
PUNJAB,Rupnagar,2024-2025,41898.64,39343.06,36509.16,92.79695072015244,7723.12,Critical
PUNJAB,SAS Nagar,2024-2025,22650.410000000003,20385.370000000003,23831.210000000003,116.90349500646786,889.1600000000001,Over-Exploited
PUNJAB,SBS Nagar,2024-2025,54201.08,49633.83,56868.62,115.21080356959096,3754.6,Over-Exploited
PUNJAB,Sangrur,2024-2025,70252.95000000001,63227.65999999999,195997.9,309.9875908739941,0.0,Over-Exploited
PUNJAB,Tarn Taran,2024-2025,70108.95,65592.76000000001,132817.11000000002,202.48745440807795,0.0,Over-Exploited
RAJASTHAN,AJMER,2024-2025,37312.12,33580.91,46389.72,138.14312953401202,0.0,Over-Exploited
RAJASTHAN,ALWAR,2024-2025,82721.78,74449.62,131026.01,182.14348439567263,0.0,Over-Exploited
RAJASTHAN,BANSWARA,2024-2025,23225.14,20902.62,14554.39,69.62950099078489,6531.65,Safe
RAJASTHAN,BARAN,2024-2025,64889.22,58400.26,78786.08,134.90707061920614,2560.35,Over-Exploited
RAJASTHAN,BARMER,2024-2025,69044.26999999999,62572.42999999999,54677.69,134.49818237796737,1497.82,Over-Exploited
RAJASTHAN,BHARATPUR,2024-2025,55523.77,49971.380000000005,48918.04,116.71777764090186,0.0,Over-Exploited
RAJASTHAN,BHILWARA,2024-2025,45313.86,40782.47,63541.4,155.8056684649066,891.21,Over-Exploited
RAJASTHAN,BIKANER,2024-2025,62753.26,56477.94,39646.01,140.5738575606088,4603.17,Over-Exploited
RAJASTHAN,BUNDI,2024-2025,30240.92,27216.82,25330.59,93.06961650920276,6383.670000000001,Critical
RAJASTHAN,CHITTAURGARH,2024-2025,34798.200000000004,31318.370000000003,50693.12,161.86385179049864,98.15,Over-Exploited
RAJASTHAN,CHURU,2024-2025,22296.61,20478.99,20029.38,128.87616888126493,1651.42,Over-Exploited
RAJASTHAN,DAUSA,2024-2025,27982.31,25184.08,58589.26,232.64403543826097,0.0,Over-Exploited
RAJASTHAN,DHAULPUR,2024-2025,28673.960000000003,25806.56,35620.82,138.03009777358938,1290.79,Over-Exploited
RAJASTHAN,DUNGARPUR,2024-2025,22696.67,20426.97,12502.229999999998,61.20452519389805,7924.739999999999,Safe
RAJASTHAN,GANGANAGAR,2024-2025,149315.58000000002,135615.63,34522.85,40.37244384018928,25814.52,Safe
RAJASTHAN,HANUMANGARH,2024-2025,96930.29,88422.91999999998,48724.98,65.35183179365782,7130.25,Safe
RAJASTHAN,JAIPUR,2024-2025,80440.05,72772.12,154900.22999999998,217.01469757526715,0.0,Over-Exploited
RAJASTHAN,JAISALMER,2024-2025,54914.61,49423.14,36358.78,321.8433640827644,0.0,Over-Exploited
RAJASTHAN,JALOR,2024-2025,60141.990000000005,54997.0,82368.14,178.14307490182213,315.08,Over-Exploited
RAJASTHAN,JHALAWAR,2024-2025,59090.670000000006,53536.01,56709.65,105.928047308718,6916.95,Over-Exploited
RAJASTHAN,JHUNJHUNU,2024-2025,25409.15,22868.22,51213.48999999999,227.5467493308789,0.0,Over-Exploited
RAJASTHAN,KARAULI,2024-2025,36325.58,32693.0,48873.77,149.49307191141835,2075.5,Over-Exploited
RAJASTHAN,KOTA,2024-2025,52465.22,47218.69,52406.72,110.98723831601428,3967.74,Over-Exploited
RAJASTHAN,PRATAPGARH,2024-2025,23448.34,21103.49,27259.759999999995,129.17180997076784,966.9,Over-Exploited
RAJASTHAN,RAJSAMAND,2024-2025,12510.96,11259.85,13586.56,120.66377438420584,639.86,Over-Exploited
RAJASTHAN,SIKAR,2024-2025,38924.66,35246.25,66965.44,191.3455985739575,789.93,Over-Exploited
RAJASTHAN,SIROHI,2024-2025,31013.49,27912.11,33298.270000000004,119.29685717059728,602.27,Over-Exploited
RAJASTHAN,TONK,2024-2025,49724.95,44994.37,41215.96,91.4197931874588,6222.28,Critical
RAJASTHAN,UDAIPUR,2024-2025,33242.70999999999,29950.69,29973.720000000005,100.07689305321514,1944.28,Over-Exploited
SIKKIM,Gangtok,2024-2025,6816.66,6134.97,409.7000000000001,6.678109265407982,5701.9400000000005,Safe
SIKKIM,Gyalsingh,2024-2025,3791.57,3412.42,237.59000000000003,6.962507545964448,3170.7900000000004,Safe
SIKKIM,Mangan,2024-2025,3716.59,3344.94,104.98,3.138471841049465,3238.33,Safe
SIKKIM,Namchi,2024-2025,3545.96,3191.38,213.91,6.702743013993945,2968.83,Safe
SIKKIM,Pakyong,2024-2025,5022.81,4520.53,220.16,4.8702253939250495,4292.83,Safe
SIKKIM,Soreng,2024-2025,1270.97,1143.87,90.05000000000001,7.872398087195223,1050.31,Safe
TAMILNADU,ARIYALUR,2024-2025,41042.19,37340.9,18106.13,48.48873487248567,19293.7,Safe
TAMILNADU,CHENGALPATTU,2024-2025,69178.48999999999,62796.88,40203.25000000001,64.02109467858914,21835.759999999995,Safe
TAMILNADU,CHENNAI,2024-2025,9796.45,8917.300000000001,10854.47,121.72372803427044,805.19,Over-Exploited
TAMILNADU,COIMBATORE,2024-2025,62234.24,56226.01,51545.29,91.67516955231216,21377.04,Critical
TAMILNADU,CUDDALORE,2024-2025,120030.66,108953.77,67686.36,62.123926505709726,48011.45,Safe
TAMILNADU,DHARMAPURI,2024-2025,52751.53,47720.77,42351.49,88.74854701632015,7874.13,Semi-Critical
TAMILNADU,DINDIGUL,2024-2025,59520.62,53634.62,62994.42,117.45104188302255,9113.96,Over-Exploited
TAMILNADU,ERODE,2024-2025,94882.3,85566.15000000001,63104.41000000001,73.74926884054034,29246.79,Semi-Critical
TAMILNADU,KALLAKURICHCHI,2024-2025,64517.76,58831.49,47504.22,80.74624661044622,13449.78,Semi-Critical
TAMILNADU,KANCHEEPURAM,2024-2025,59167.6,53561.52,26285.75,49.07581039522403,26880.3,Safe
TAMILNADU,KANNIYAKUMARI,2024-2025,37646.29,33881.67,4448.77,13.130315005134044,29298.97,Safe
TAMILNADU,KARUR,2024-2025,32582.58,29409.51,30000.92,102.01094815928587,6197.19,Over-Exploited
TAMILNADU,KRISHNAGIRI,2024-2025,56763.100000000006,51168.22,46623.35,91.1177875642342,8104.929999999999,Critical
TAMILNADU,MADURAI,2024-2025,75965.72,70783.58,49966.39999999999,70.59038268479779,22673.54,Semi-Critical
TAMILNADU,MAYILADUTHURAI,2024-2025,41935.350000000006,38150.91,34898.73,101.69858507583427,4975.87,Over-Exploited
TAMILNADU,NAGAPATTINAM,2024-2025,82009.93,73808.94,31499.27,0.0,0.0,Safe
TAMILNADU,NAMAKKAL,2024-2025,58269.29,52525.37,61029.810000000005,116.191109172577,8981.76,Over-Exploited
TAMILNADU,PERAMBALUR,2024-2025,28883.8,25995.4,27517.06,105.85357409387814,7949.879999999999,Over-Exploited
TAMILNADU,PUDUKKOTTAI,2024-2025,116141.78,104527.59,47462.04,48.09573495482194,50133.06,Safe
TAMILNADU,RAMANATHAPURAM,2024-2025,82421.5,74179.34,7701.870000000001,9.68311529983507,55135.37999999999,Safe
TAMILNADU,RANIPET,2024-2025,32956.13,30121.800000000003,25460.52,84.52522757604126,4947.4,Semi-Critical
TAMILNADU,SALEM,2024-2025,52746.780000000006,47530.82000000001,70120.4,147.52617354381846,9731.85,Over-Exploited
TAMILNADU,SIVAGANGAI,2024-2025,78005.55,70428.15,18338.08,26.03799759045212,48359.63,Safe
TAMILNADU,TENKASI,2024-2025,59542.48000000001,53665.79,40910.3,76.23161794506333,21304.56,Semi-Critical
TAMILNADU,THANJAVUR,2024-2025,129748.85000000002,117124.69,116330.92,99.32228635994684,17311.370000000003,Critical
TAMILNADU,THE NILGIRIS,2024-2025,7962.18,7165.959999999999,916.18,12.785167653740745,4366.469999999999,Safe
TAMILNADU,THENI,2024-2025,29973.89,26976.5,22560.19,83.62904750430931,7914.97,Semi-Critical
TAMILNADU,THIRUVARUR,2024-2025,135243.84,121816.64,30443.520000000004,34.47135339312351,57853.21,Safe
TAMILNADU,THOOTHUKUDI,2024-2025,85944.71,77567.54000000001,21182.97,27.309065106357632,55600.84,Safe
TAMILNADU,TIRUCHIRAPPALLI,2024-2025,70652.49,64005.86999999999,53738.62999999999,83.95890876883637,23562.33,Semi-Critical
TAMILNADU,TIRUNELVELI,2024-2025,89476.43,80605.68000000001,32380.76,40.17180923230224,48324.87,Safe
TAMILNADU,TIRUPATHUR,2024-2025,10778.77,9712.9,13877.23,142.87421882239084,157.68,Over-Exploited
TAMILNADU,TIRUPPUR,2024-2025,76082.19,68671.47,54646.61000000001,79.57687522926189,23562.900000000005,Semi-Critical
TAMILNADU,TIRUVALLUR,2024-2025,83435.22,76473.75,42225.58,55.38574645479425,29017.55,Safe
TAMILNADU,TIRUVANNAMALAI,2024-2025,137985.48,124818.39,108413.06,86.8566402755235,21951.08,Semi-Critical
TAMILNADU,VELLORE,2024-2025,20271.23,18244.08,22127.51,121.285973312987,734.87,Over-Exploited
TAMILNADU,VILLUPURAM,2024-2025,106950.84,96724.96000000002,81555.86,84.3172848042532,15961.309999999996,Semi-Critical
TAMILNADU,VIRUDHUNAGAR,2024-2025,75748.26,68431.54,41066.600000000006,60.011217049915885,27218.14,Safe
TELANGANA,Adilabad,2024-2025,56345.48000000001,51020.35,20616.709999999995,40.408797666029336,30401.45,Safe
TELANGANA,Bhadradri Kothagudem,2024-2025,111787.52772689938,101107.48,33305.65,32.94083682038164,70376.61484086243,Safe
TELANGANA,Hanumakonda,2024-2025,53386.81,48180.65,29322.31,60.859100074407465,20016.86,Safe
TELANGANA,Hyderabad,2024-2025,6782.51,6165.549999999998,6061.829999999999,98.31774943030226,1057.7500000000002,Critical
TELANGANA,Jagtial,2024-2025,77545.95,70054.71000000002,25138.139999999992,35.88358298821019,43025.29,Safe
TELANGANA,Jangaon,2024-2025,31320.190281446365,28686.15,17186.809999999998,59.91326824966053,11314.030835879128,Safe
TELANGANA,Jayashankar Bhupalapally,2024-2025,52161.9462973782,47212.31,20210.32,42.80731021210358,27422.38336593785,Safe
TELANGANA,Jogulamba Gadwal,2024-2025,48968.77,44338.54,13301.679999999998,30.000266134157773,31383.02,Safe
TELANGANA,Kamareddy,2024-2025,72035.93999999999,65195.210000000014,33054.31,50.70051925593919,37052.05,Safe
TELANGANA,Karimnagar,2024-2025,93807.34430379748,84651.12,28201.9,33.31544815945732,56886.12000000001,Safe
TELANGANA,Khammam,2024-2025,118206.67,106946.61,45685.64,42.71817498469564,62600.95,Safe
TELANGANA,Komarambheem Asifabad,2024-2025,62574.97240218047,56791.34,11895.52,20.94601043046352,44548.16074135724,Safe
TELANGANA,Mahabubabad,2024-2025,71141.15,64250.08,36263.58,56.44129937270117,28347.08,Safe
TELANGANA,Mahabubnagar,2024-2025,36356.76,33058.38,25179.69,76.16734395333347,9347.05,Semi-Critical
TELANGANA,Mancherial,2024-2025,97040.60906449804,88258.31000000001,36912.82,41.82361978152539,47683.27639209196,Safe
TELANGANA,Medak,2024-2025,54800.75,49497.25,34425.94,69.55121749188086,16488.46,Safe
TELANGANA,Medchal Malkajgiri,2024-2025,10797.3,9736.91,7177.959999999999,73.71907514807057,3250.3299999999995,Semi-Critical
TELANGANA,Mulug,2024-2025,60403.35131626674,54650.14,13804.67,25.260081675911533,37985.99377448818,Safe
TELANGANA,Nagarkurnool,2024-2025,96485.58000000002,87476.45999999999,35058.64,40.077799215926206,53374.71000000001,Safe
TELANGANA,Nalgonda,2024-2025,141870.31,128247.43999999996,63153.92999999999,49.24381336578727,69253.24,Safe
TELANGANA,Narayanpet,2024-2025,33720.71700186825,30535.489999999994,11755.47,38.49772838097572,18108.06172959144,Safe
TELANGANA,Nirmal,2024-2025,75188.98999999999,68160.79999999999,25568.97,37.5127199211277,42571.78,Safe
TELANGANA,Nizamabad,2024-2025,102441.20705667233,92714.61999999998,52094.180000000015,56.18766490117743,38969.20421996177,Safe
TELANGANA,Peddapalle,2024-2025,52198.98,47233.350000000006,22190.24,46.980025765693085,25176.0,Safe
TELANGANA,Rajanna Siricilla,2024-2025,45627.58,41408.46000000001,28776.17,69.49345616813567,13249.13,Safe
TELANGANA,Rangareddy,2024-2025,55910.16,50532.72,34397.63,68.07001483395312,18610.960000000003,Safe
TELANGANA,Sangareddy,2024-2025,39290.946342012736,35537.969999999994,17360.400000000005,48.850286046164165,19081.916831405004,Safe
TELANGANA,Siddipet,2024-2025,55203.37,49695.51,34168.15,68.75500422472776,15813.63,Safe
TELANGANA,Suryapet,2024-2025,114424.16083702978,103271.29,30974.159999999996,29.993001927253925,71640.7744264926,Safe
TELANGANA,Vikarabad,2024-2025,36390.240000000005,32751.0,19865.710000000003,60.65680437238559,12252.41,Safe
TELANGANA,Wanaparthy,2024-2025,70848.35082715358,64149.30000000002,28357.28,44.20512772547789,35547.99543862548,Safe
TELANGANA,Warangal,2024-2025,55989.26,50602.5,29399.27,58.09845363371375,21644.34,Safe
TELANGANA,Yadadri Bhuvanagiri,2024-2025,76461.8422584805,69137.42,48128.23,69.6124182823137,25096.14169844955,Safe
TRIPURA,DHALAI,2024-2025,20618.550000000003,18379.79,1350.9799999999998,7.350356016037178,16745.36,Safe
TRIPURA,GOMATI,2024-2025,24719.520000000004,22197.08,1303.37,5.871808363983011,20727.92,Safe
TRIPURA,KHOWAI,2024-2025,12422.8,11160.920000000002,825.2699999999999,7.394282908577426,10233.29,Safe
TRIPURA,NORTH TRIPURA,2024-2025,10425.41,9047.45,1103.5,12.196806835075076,7716.790000000001,Safe
TRIPURA,SEPAHIJALA,2024-2025,20267.619999999995,17980.61,1620.66,9.013376075672626,16200.850000000002,Safe
TRIPURA,SOUTH TRIPURA,2024-2025,24757.74,22036.47,2291.98,10.400849137815632,19569.22,Safe
TRIPURA,UNAKOTI,2024-2025,9264.95,8224.49,854.23,10.38641909711119,7218.799999999999,Safe
TRIPURA,WEST TRIPURA,2024-2025,16809.08,15144.27,3147.5600000000004,20.78383441394006,11586.29,Safe
UTTARAKHAND,DEHRADUN,2024-2025,56677.03,51009.32,20431.0,40.05346473938488,29167.39,Safe
UTTARAKHAND,HARIDWAR,2024-2025,47343.11,43422.85,28501.58,65.637285438427,12705.54,Safe
UTTARAKHAND,NAINITAL,2024-2025,28901.38,26011.24,14105.23,54.22744167521426,10872.02,Safe
UTTARAKHAND,UDHAMSINGH NAGAR,2024-2025,79591.5,74756.35999999999,42206.67,56.45896884224968,26388.870000000003,Safe
WEST BENGAL,ALIPURDUAR,2024-2025,129084.49,116176.02,12981.170000000002,11.173708653472552,101882.19,Safe
WEST BENGAL,BANKURA,2024-2025,160694.25000000003,147036.71,59437.25999999998,40.42341534981297,87496.80000000002,Safe
WEST BENGAL,BIRBHUM,2024-2025,112487.54,103093.92,34459.8,33.425637515772024,66455.72,Safe
WEST BENGAL,DAKSHIN DINAJPUR,2024-2025,113266.82,102169.85,62214.33,60.89304232119358,39370.85,Safe
WEST BENGAL,DARJILING,2024-2025,42363.13,38126.810000000005,3323.4500000000003,8.716832066464516,34438.76,Safe
WEST BENGAL,HAORA,2024-2025,22904.41,21190.22,4331.35,20.440325772927324,15612.82,Safe
WEST BENGAL,HUGLI,2024-2025,128457.31000000004,116406.48000000004,62753.29,53.908760062154606,51468.16,Safe
WEST BENGAL,JALPAIGURI,2024-2025,188378.35,169540.51,20343.97,11.99947434391934,137366.91,Safe
WEST BENGAL,JHARGRAM,2024-2025,102187.98,94154.4,23606.57,25.072189934830448,70072.65,Safe
WEST BENGAL,KALIMPONG,2024-2025,4004.81,3604.32,64.97,1.8025591512407333,3538.11,Safe
WEST BENGAL,KOCH BIHAR,2024-2025,207201.8,186481.62,86164.64,46.20543300728512,98652.48,Safe
WEST BENGAL,KOLKATTA,2024-2025,0.0,0.0,0.0,0.0,0.0,Safe
WEST BENGAL,MALDA,2024-2025,117843.44,106801.67999999998,36167.48,33.86414895346216,66533.92000000001,Safe
WEST BENGAL,MURSHIDABAD,2024-2025,195440.41000000003,180969.09,105651.54,58.38098649885458,69099.99,Safe
WEST BENGAL,NADIA,2024-2025,194912.04,176494.48,144473.85,81.85743259505907,28761.35,Semi-Critical
WEST BENGAL,NORTH 24 PARGANAS,2024-2025,151432.08,138984.52000000002,97692.91999999998,70.29050429501066,39569.83,Semi-Critical
WEST BENGAL,PASCHIM BARDDHAMAN,2024-2025,24168.2,21955.99,10465.01,47.66357609016947,10588.120000000004,Safe
WEST BENGAL,PASCHIM MEDINIPUR,2024-2025,240759.01,218332.66,116439.91,53.33142096102341,99759.67,Safe
WEST BENGAL,PURBA BARDDHAMAN,2024-2025,202307.19,183612.2,96265.08999999995,52.42848242110273,86754.87,Safe
WEST BENGAL,PURBA MEDINIPUR,2024-2025,67069.14,60362.23000000001,22020.83,36.48114060729697,36459.26,Safe
WEST BENGAL,PURULIYA,2024-2025,59047.56,53142.82000000001,9457.41,17.796214051117346,41615.16,Safe
WEST BENGAL,SOUTH 24 PARGANAS,2024-2025,0.0,0.0,0.0,0.0,0.0,Safe
WEST BENGAL,UTTAR DINAJPUR,2024-2025,121382.29,111021.08,52009.6,46.846598862126,55984.030000000006,Safe
